Ticker,Entry Date,Exit Date,Entry Price,Exit Price,Score,Signal,Confidence,Return %,Holding Days
AAPL,2018-01-01,2018-03-02,39.67070388793945,41.47536849975586,2.9009803921568627,NEUTRAL / HOLD,1.1,4.549111649024846,60
MSFT,2018-01-01,2018-03-02,78.82056427001953,86.14338684082031,0.7002614379084967,NEUTRAL / HOLD,1.1,9.290497522594006,60
NVDA,2018-01-01,2018-03-02,4.784169673919678,5.85194206237793,4.506369281045752,BUY,1.4300000000000002,22.31886536715209,60
JPM,2018-01-01,2018-03-02,85.91889190673828,91.5190658569336,6.081803883495147,STRONG BUY,1.5015000000000003,6.517977392299344,60
XOM,2018-01-01,2018-03-02,58.51422882080078,53.394981384277344,4.3246955280685055,BUY,1.4300000000000002,-8.748722387166854,60
PFE,2018-01-01,2018-03-02,24.50739097595215,24.55005645751953,0.603751233958539,NEUTRAL / HOLD,1.1,0.17409230386559008,60
WMT,2018-01-01,2018-03-02,29.020383834838867,26.087482452392578,5.373728470111448,BUY,1.4300000000000002,-10.106349382344666,60
AAPL,2018-01-31,2018-04-02,39.14091873168945,39.232234954833984,2.9009803921568627,NEUTRAL / HOLD,1.1,0.23330117458535632,61
MSFT,2018-01-31,2018-04-02,85.45494842529297,81.94959259033203,0.7002614379084967,NEUTRAL / HOLD,1.1,-4.101992803875383,61
NVDA,2018-01-31,2018-04-02,6.001102924346924,5.468724250793457,4.506369281045752,BUY,1.4300000000000002,-8.87134715509655,61
JPM,2018-01-31,2018-04-02,92.96469116210938,87.10140228271484,6.081803883495147,STRONG BUY,1.5015000000000003,-6.307006247318439,61
XOM,2018-01-31,2018-04-02,60.71099090576172,51.74824142456055,4.3246955280685055,BUY,1.4300000000000002,-14.762976764970857,61
PFE,2018-01-31,2018-04-02,25.576457977294922,23.93544578552246,0.603751233958539,NEUTRAL / HOLD,1.1,-6.416104189365244,61
WMT,2018-01-31,2018-04-02,31.659391403198242,25.291086196899414,5.373728470111448,BUY,1.4300000000000002,-20.115058831028254,61
AAPL,2018-03-02,2018-05-01,41.1905632019043,39.80186080932617,2.9009803921568627,NEUTRAL / HOLD,1.1,-3.3714090913763552,60
MSFT,2018-03-02,2018-05-01,85.95822143554688,87.9486312866211,0.7002614379084967,NEUTRAL / HOLD,1.1,2.315554949641049,60
NVDA,2018-03-02,2018-05-01,5.744820594787598,5.619389533996582,4.506369281045752,BUY,1.4300000000000002,-2.1833764644421096,60
JPM,2018-03-02,2018-05-01,91.60789489746094,88.29800415039062,6.081803883495147,STRONG BUY,1.5015000000000003,-3.6131064367052184,60
XOM,2018-03-02,2018-05-01,53.147621154785156,54.38442611694336,4.3246955280685055,BUY,1.4300000000000002,2.327112550449207,60
PFE,2018-03-02,2018-05-01,24.33152961730957,24.174463272094727,0.603751233958539,NEUTRAL / HOLD,1.1,-0.6455259808372507,60
WMT,2018-03-02,2018-05-01,26.178585052490234,25.840961456298828,5.373728470111448,BUY,1.4300000000000002,-1.289693829954686,60
AAPL,2018-04-01,2018-05-31,39.491146087646484,44.15406036376953,2.9009803921568627,NEUTRAL / HOLD,1.1,11.807492914422372,60
MSFT,2018-04-01,2018-05-31,84.49547576904297,91.90023040771484,0.7002614379084967,NEUTRAL / HOLD,1.1,8.763492448887769,60
NVDA,2018-04-01,2018-05-31,5.729480266571045,6.242978572845459,4.506369281045752,BUY,1.4300000000000002,8.962388949490707,60
JPM,2018-04-01,2018-05-31,88.81356048583984,86.86126708984375,6.081803883495147,STRONG BUY,1.5015000000000003,-2.198192917068516,60
XOM,2018-04-01,2018-05-31,52.730621337890625,57.99834442138672,4.3246955280685055,BUY,1.4300000000000002,9.98987485799047,60
PFE,2018-04-01,2018-05-31,24.235919952392578,24.77591323852539,0.603751233958539,NEUTRAL / HOLD,1.1,2.228070100881416,60
WMT,2018-04-01,2018-05-31,26.302143096923828,24.55496597290039,5.373728470111448,BUY,1.4300000000000002,-6.642717734387883,60
AAPL,2018-05-01,2018-06-29,38.89801025390625,43.73821258544922,2.9009803921568627,NEUTRAL / HOLD,1.1,12.443315994696418,59
MSFT,2018-05-01,2018-06-29,86.57849884033203,91.68637084960938,0.7002614379084967,NEUTRAL / HOLD,1.1,5.899700361746022,59
NVDA,2018-05-01,2018-06-29,5.563970565795898,5.864473819732666,4.506369281045752,BUY,1.4300000000000002,5.400877851225334,59
JPM,2018-05-01,2018-06-29,88.29800415039062,84.5803451538086,6.081803883495147,STRONG BUY,1.5015000000000003,-4.210354506144955,59
XOM,2018-05-01,2018-06-29,54.94983673095703,59.06208419799805,4.3246955280685055,BUY,1.4300000000000002,7.483639100103646,59
PFE,2018-05-01,2018-06-29,25.000764846801758,25.01725959777832,0.603751233958539,NEUTRAL / HOLD,1.1,0.06597698541479863,59
WMT,2018-05-01,2018-06-29,26.151369094848633,25.48016929626465,5.373728470111448,BUY,1.4300000000000002,-2.5665952560632825,59
AAPL,2018-05-31,2018-07-30,44.30292892456055,44.872371673583984,2.9009803921568627,NEUTRAL / HOLD,1.1,1.2853388316449463,60
MSFT,2018-05-31,2018-07-30,92.00247955322266,97.97172546386719,0.7002614379084967,NEUTRAL / HOLD,1.1,6.488135906371277,60
NVDA,2018-05-31,2018-07-30,6.262782096862793,6.043452739715576,4.506369281045752,BUY,1.4300000000000002,-3.502107430132132,60
JPM,2018-05-31,2018-07-30,87.9489517211914,95.26599884033203,6.081803883495147,STRONG BUY,1.5015000000000003,8.319652452864396,60
XOM,2018-05-31,2018-07-30,58.183982849121094,58.35530090332031,4.3246955280685055,BUY,1.4300000000000002,0.2944419508775629,60
PFE,2018-05-31,2018-07-30,24.858661651611328,26.610153198242188,0.603751233958539,NEUTRAL / HOLD,1.1,7.045799855107358,60
WMT,2018-05-31,2018-07-30,25.025012969970703,26.441072463989258,5.373728470111448,BUY,1.4300000000000002,5.658576463947433,60
AAPL,2018-06-30,2018-08-29,43.73821258544922,52.87098693847656,2.9009803921568627,NEUTRAL / HOLD,1.1,20.88053857981756,60
MSFT,2018-06-30,2018-08-29,91.68637084960938,104.55562591552734,0.7002614379084967,NEUTRAL / HOLD,1.1,14.036170203559536,60
NVDA,2018-06-30,2018-08-29,5.864473819732666,6.897806167602539,4.506369281045752,BUY,1.4300000000000002,17.62020565925176,60
JPM,2018-06-30,2018-08-29,84.5803451538086,94.47435760498047,6.081803883495147,STRONG BUY,1.5015000000000003,11.697767883519159,60
XOM,2018-06-30,2018-08-29,59.06208419799805,58.32249069213867,4.3246955280685055,BUY,1.4300000000000002,-1.252230624608476,60
PFE,2018-06-30,2018-08-29,25.01725959777832,28.860429763793945,0.603751233958539,NEUTRAL / HOLD,1.1,15.362074934685976,60
WMT,2018-06-30,2018-08-29,25.48016929626465,28.617359161376953,5.373728470111448,BUY,1.4300000000000002,12.312280301733363,60
AAPL,2018-07-30,2018-09-28,45.12518310546875,53.52542495727539,2.9009803921568627,NEUTRAL / HOLD,1.1,18.615418871926106,60
MSFT,2018-07-30,2018-09-28,100.11954498291016,106.74906921386719,0.7002614379084967,NEUTRAL / HOLD,1.1,6.621608430290663,60
NVDA,2018-07-30,2018-09-28,6.238768100738525,6.960472106933594,4.506369281045752,BUY,1.4300000000000002,11.56805309223844,60
JPM,2018-07-30,2018-09-28,94.6947021484375,92.0912857055664,6.081803883495147,STRONG BUY,1.5015000000000003,-2.7492735958872765,60
XOM,2018-07-30,2018-09-28,58.48380661010742,61.323001861572266,4.3246955280685055,BUY,1.4300000000000002,4.854669037521512,60
PFE,2018-07-30,2018-09-28,26.48602294921875,30.64769744873047,0.603751233958539,NEUTRAL / HOLD,1.1,15.712719525656361,60
WMT,2018-07-30,2018-09-28,26.217954635620117,28.099716186523438,5.373728470111448,BUY,1.4300000000000002,7.177377400549507,60
AAPL,2018-08-29,2018-10-29,52.093265533447266,50.324432373046875,2.9009803921568627,NEUTRAL / HOLD,1.1,-3.3955121497704623,61
MSFT,2018-08-29,2018-10-29,102.91291809082031,96.93003845214844,0.7002614379084967,NEUTRAL / HOLD,1.1,-5.813536094071303,61
NVDA,2018-08-29,2018-10-29,6.792293071746826,4.597546100616455,4.506369281045752,BUY,1.4300000000000002,-32.31231261589146,61
JPM,2018-08-29,2018-10-29,94.78450012207031,86.16969299316406,6.081803883495147,STRONG BUY,1.5015000000000003,-9.088835324142112,61
XOM,2018-08-29,2018-10-29,57.90415573120117,55.574432373046875,4.3246955280685055,BUY,1.4300000000000002,-4.023413049953071,61
PFE,2018-08-29,2018-10-29,28.860429763793945,30.063528060913086,0.603751233958539,NEUTRAL / HOLD,1.1,4.168677691100963,61
WMT,2018-08-29,2018-10-29,28.74603271484375,29.862125396728516,5.373728470111448,BUY,1.4300000000000002,3.882597271617389,61
AAPL,2018-09-28,2018-11-27,53.33810806274414,41.4583625793457,2.9009803921568627,NEUTRAL / HOLD,1.1,-22.272528807028046,60
MSFT,2018-09-28,2018-11-27,106.78638458251953,100.43282318115234,0.7002614379084967,NEUTRAL / HOLD,1.1,-5.949786038928448,60
NVDA,2018-09-28,2018-11-27,6.623122692108154,3.807675838470459,4.506369281045752,BUY,1.4300000000000002,-42.509356756933826,60
JPM,2018-09-28,2018-11-27,93.46234893798828,90.17204284667969,6.081803883495147,STRONG BUY,1.5015000000000003,-3.5204615855435994,60
XOM,2018-09-28,2018-11-27,61.86397933959961,56.1378059387207,4.3246955280685055,BUY,1.4300000000000002,-9.256070272242475,60
PFE,2018-09-28,2018-11-27,30.52947235107422,30.884193420410156,0.603751233958539,NEUTRAL / HOLD,1.1,1.1618971505855593,60
WMT,2018-09-28,2018-11-27,28.165542602539062,28.437833786010742,5.373728470111448,BUY,1.4300000000000002,0.9667528416339943,60
AAPL,2018-10-28,2018-12-27,51.2870979309082,37.15404510498047,2.9009803921568627,NEUTRAL / HOLD,1.1,-27.556741161231585,60
MSFT,2018-10-28,2018-12-27,99.83280944824219,94.84593963623047,0.7002614379084967,NEUTRAL / HOLD,1.1,-4.995221350148556,60
NVDA,2018-10-28,2018-12-27,4.911365032196045,3.2521471977233887,4.506369281045752,BUY,1.4300000000000002,-33.783231822432086,60
JPM,2018-10-28,2018-12-27,84.99446105957031,79.75111389160156,6.081803883495147,STRONG BUY,1.5015000000000003,-6.1690457267489816,60
XOM,2018-10-28,2018-12-27,55.920631408691406,50.22893524169922,4.3246955280685055,BUY,1.4300000000000002,-10.178168635820448,60
PFE,2018-10-28,2018-12-27,29.62541389465332,30.029216766357422,0.603751233958539,NEUTRAL / HOLD,1.1,1.3630286251527386,60
WMT,2018-10-28,2018-12-27,29.604793548583984,27.55508041381836,5.373728470111448,BUY,1.4300000000000002,-6.923585301825772,60
AAPL,2018-11-27,2019-01-25,41.54878234863281,37.537139892578125,2.9009803921568627,NEUTRAL / HOLD,1.1,-9.655258780854965,59
MSFT,2018-11-27,2019-01-25,99.80476379394531,100.46095275878906,0.7002614379084967,NEUTRAL / HOLD,1.1,0.657472589383111,59
NVDA,2018-11-27,2019-01-25,3.7908334732055664,3.9706592559814453,4.506369281045752,BUY,1.4300000000000002,4.743700403801078,59
JPM,2018-11-27,2019-01-25,89.79399108886719,85.65985107421875,6.081803883495147,STRONG BUY,1.5015000000000003,-4.604027468338018,59
XOM,2018-11-27,2019-01-25,56.0868034362793,52.254425048828125,4.3246955280685055,BUY,1.4300000000000002,-6.8329413563480585,59
PFE,2018-11-27,2019-01-25,30.372604370117188,28.480453491210938,0.603751233958539,NEUTRAL / HOLD,1.1,-6.229794639434634,59
WMT,2018-11-27,2019-01-25,28.470746994018555,29.164642333984375,5.373728470111448,BUY,1.4300000000000002,2.4372221077009373,59
AAPL,2018-12-27,2019-02-25,37.39676284790039,41.6337776184082,2.9009803921568627,NEUTRAL / HOLD,1.1,11.329897156447851,60
MSFT,2018-12-27,2019-02-25,94.26473999023438,105.05099487304688,0.7002614379084967,NEUTRAL / HOLD,1.1,11.442512740108267,60
NVDA,2018-12-27,2019-02-25,3.2999989986419678,3.934461832046509,4.506369281045752,BUY,1.4300000000000002,19.22615230082307,60
JPM,2018-12-27,2019-02-25,78.86355590820312,87.9051284790039,6.081803883495147,STRONG BUY,1.5015000000000003,11.464829941633797,60
XOM,2018-12-27,2019-02-25,50.010372161865234,57.829227447509766,4.3246955280685055,BUY,1.4300000000000002,15.634467306777411,60
PFE,2018-12-27,2019-02-25,29.566688537597656,30.454072952270508,0.603751233958539,NEUTRAL / HOLD,1.1,3.001297942258342,60
WMT,2018-12-27,2019-02-25,27.200071334838867,29.820493698120117,5.373728470111448,BUY,1.4300000000000002,9.633880481500483,60
AAPL,2019-01-26,2019-03-27,37.537139892578125,45.03655242919922,2.9009803921568627,NEUTRAL / HOLD,1.1,19.9786466365912,60
MSFT,2019-01-26,2019-03-27,100.46095275878906,109.92742156982422,0.7002614379084967,NEUTRAL / HOLD,1.1,9.423033080090871,60
NVDA,2019-01-26,2019-03-27,3.9706592559814453,4.380541801452637,4.506369281045752,BUY,1.4300000000000002,10.322783171427762,60
JPM,2019-01-26,2019-03-27,85.65985107421875,82.50323486328125,6.081803883495147,STRONG BUY,1.5015000000000003,-3.685059186248754,60
XOM,2019-01-26,2019-03-27,52.254425048828125,59.18470764160156,4.3246955280685055,BUY,1.4300000000000002,13.262575535560043,60
PFE,2019-01-26,2019-03-27,28.480453491210938,29.704750061035156,0.603751233958539,NEUTRAL / HOLD,1.1,4.298725686380086,60
WMT,2019-01-26,2019-03-27,29.164642333984375,29.403230667114258,5.373728470111448,BUY,1.4300000000000002,0.8180739211461733,60
AAPL,2019-02-25,2019-04-26,41.33268356323242,48.81926727294922,2.9009803921568627,NEUTRAL / HOLD,1.1,18.112987264094567,60
MSFT,2019-02-25,2019-04-26,104.46731567382812,122.27862548828125,0.7002614379084967,NEUTRAL / HOLD,1.1,17.04964820773636,60
NVDA,2019-02-25,2019-04-26,3.9468579292297363,4.420003890991211,4.506369281045752,BUY,1.4300000000000002,11.987914696838686,60
JPM,2019-02-25,2019-04-26,86.99375915527344,95.5654525756836,6.081803883495147,STRONG BUY,1.5015000000000003,9.853227982838069,60
XOM,2019-02-25,2019-04-26,57.77030944824219,59.29521942138672,4.3246955280685055,BUY,1.4300000000000002,2.639608455811951,60
PFE,2019-02-25,2019-04-26,30.369239807128906,28.255552291870117,0.603751233958539,NEUTRAL / HOLD,1.1,-6.959961884731207,60
WMT,2019-02-25,2019-04-26,29.94986915588379,30.70990753173828,5.373728470111448,BUY,1.4300000000000002,2.5377018240000533,60
AAPL,2019-03-27,2019-05-24,44.635101318359375,42.93112564086914,2.9009803921568627,NEUTRAL / HOLD,1.1,-3.817568745585781,58
MSFT,2019-03-27,2019-05-24,111.00064086914062,119.28241729736328,0.7002614379084967,NEUTRAL / HOLD,1.1,7.4610167683501,58
NVDA,2019-03-27,2019-05-24,4.389725208282471,3.6024675369262695,4.506369281045752,BUY,1.4300000000000002,-17.934099152056596,58
JPM,2019-03-27,2019-05-24,82.78491973876953,91.591552734375,6.081803883495147,STRONG BUY,1.5015000000000003,10.637967667777032,58
XOM,2019-03-27,2019-05-24,59.64146423339844,55.21354675292969,4.3246955280685055,BUY,1.4300000000000002,-7.424226647321603,58
PFE,2019-03-27,2019-05-24,29.98750877380371,29.91826629638672,0.603751233958539,NEUTRAL / HOLD,1.1,-0.23090440069326654,58
WMT,2019-03-27,2019-05-24,29.73897361755371,31.21969985961914,5.373728470111448,BUY,1.4300000000000002,4.979076484305487,58
AAPL,2019-04-26,2019-06-25,49.05344009399414,46.91312026977539,2.9009803921568627,NEUTRAL / HOLD,1.1,-4.363241028799528,60
MSFT,2019-04-26,2019-06-25,121.58197784423828,126.07615661621094,0.7002614379084967,NEUTRAL / HOLD,1.1,3.6964185413485056,60
NVDA,2019-04-26,2019-06-25,4.6389079093933105,3.7638628482818604,4.506369281045752,BUY,1.4300000000000002,-18.863169483049536,60
JPM,2019-04-26,2019-06-25,94.84747314453125,89.963623046875,6.081803883495147,STRONG BUY,1.5015000000000003,-5.149162055391926,60
XOM,2019-04-26,2019-06-25,60.56966781616211,56.830482482910156,4.3246955280685055,BUY,1.4300000000000002,-6.17336278713123,60
PFE,2019-04-26,2019-06-25,28.001070022583008,31.209144592285156,0.603751233958539,NEUTRAL / HOLD,1.1,11.45697134829069,60
WMT,2019-04-26,2019-06-25,31.311830520629883,33.667518615722656,5.373728470111448,BUY,1.4300000000000002,7.523316445969909,60
AAPL,2019-05-26,2019-07-25,42.93112564086914,49.659751892089844,2.9009803921568627,NEUTRAL / HOLD,1.1,15.673072044529047,60
MSFT,2019-05-26,2019-07-25,119.28241729736328,132.4635772705078,0.7002614379084967,NEUTRAL / HOLD,1.1,11.050379655104372,60
NVDA,2019-05-26,2019-07-25,3.6024675369262695,4.308017730712891,4.506369281045752,BUY,1.4300000000000002,19.585192275975846,60
JPM,2019-05-26,2019-07-25,91.591552734375,97.2845687866211,6.081803883495147,STRONG BUY,1.5015000000000003,6.215656228425814,60
XOM,2019-05-26,2019-07-25,55.21354675292969,55.832000732421875,4.3246955280685055,BUY,1.4300000000000002,1.1201127546825667,60
PFE,2019-05-26,2019-07-25,29.91826629638672,30.431766510009766,0.603751233958539,NEUTRAL / HOLD,1.1,1.7163434823931063,60
WMT,2019-05-26,2019-07-25,31.21969985961914,34.12364196777344,5.373728470111448,BUY,1.4300000000000002,9.301633651867283,60
AAPL,2019-06-25,2019-08-23,47.635162353515625,48.793758392333984,2.9009803921568627,NEUTRAL / HOLD,1.1,2.432228592441968,59
MSFT,2019-06-25,2019-08-23,130.18638610839844,126.45806121826172,0.7002614379084967,NEUTRAL / HOLD,1.1,-2.8638362286455705,59
NVDA,2019-06-25,2019-08-23,3.793182849884033,4.036189556121826,4.506369281045752,BUY,1.4300000000000002,6.406406330905516,59
JPM,2019-06-25,2019-08-23,90.7149887084961,89.13758087158203,6.081803883495147,STRONG BUY,1.5015000000000003,-1.7388613054706001,59
XOM,2019-06-25,2019-08-23,57.337154388427734,50.913570404052734,4.3246955280685055,BUY,1.4300000000000002,-11.203178903610644,59
PFE,2019-06-25,2019-08-23,31.209144592285156,24.72003173828125,0.603751233958539,NEUTRAL / HOLD,1.1,-20.79234448357166,59
WMT,2019-06-25,2019-08-23,33.82564926147461,33.86686325073242,5.373728470111448,BUY,1.4300000000000002,0.12184241886748577,59
AAPL,2019-07-25,2019-09-23,50.0555419921875,52.665672302246094,2.9009803921568627,NEUTRAL / HOLD,1.1,5.214468181097658,60
MSFT,2019-07-25,2019-09-23,132.96438598632812,131.9092559814453,0.7002614379084967,NEUTRAL / HOLD,1.1,-0.7935433214359405,60
NVDA,2019-07-25,2019-09-23,4.439210414886475,4.34859561920166,4.506369281045752,BUY,1.4300000000000002,-2.0412367789764203,60
JPM,2019-07-25,2019-09-23,98.22624206542969,99.94979095458984,6.081803883495147,STRONG BUY,1.5015000000000003,1.7546725324298567,60
XOM,2019-07-25,2019-09-23,56.15239715576172,54.41392135620117,4.3246955280685055,BUY,1.4300000000000002,-3.0959956967432234,60
PFE,2019-07-25,2019-09-23,30.58867645263672,26.087766647338867,0.603751233958539,NEUTRAL / HOLD,1.1,-14.714300608158142,60
WMT,2019-07-25,2019-09-23,34.056739807128906,35.94171905517578,5.373728470111448,BUY,1.4300000000000002,5.534820005443689,60
AAPL,2019-08-24,2019-10-23,48.793758392333984,58.555397033691406,2.9009803921568627,NEUTRAL / HOLD,1.1,20.005916664314753,60
MSFT,2019-08-24,2019-10-23,126.45806121826172,130.1079864501953,0.7002614379084967,NEUTRAL / HOLD,1.1,2.886273280462496,60
NVDA,2019-08-24,2019-10-23,4.036189556121826,4.852251052856445,4.506369281045752,BUY,1.4300000000000002,20.21861177200835,60
JPM,2019-08-24,2019-10-23,89.13758087158203,106.0388412475586,6.081803883495147,STRONG BUY,1.5015000000000003,18.960869490418105,60
XOM,2019-08-24,2019-10-23,50.913570404052734,52.61850357055664,4.3246955280685055,BUY,1.4300000000000002,3.3486812120491023,60
PFE,2019-08-24,2019-10-23,24.72003173828125,26.469289779663086,0.603751233958539,NEUTRAL / HOLD,1.1,7.07627748985835,60
WMT,2019-08-24,2019-10-23,33.86686325073242,36.47036361694336,5.373728470111448,BUY,1.4300000000000002,7.687456458355743,60
AAPL,2019-09-23,2019-11-22,52.42728042602539,63.22334289550781,2.9009803921568627,NEUTRAL / HOLD,1.1,20.592451833765452,60
MSFT,2019-09-23,2019-11-22,132.1936492919922,142.29872131347656,0.7002614379084967,NEUTRAL / HOLD,1.1,7.644143327312247,60
NVDA,2019-09-23,2019-11-22,4.295121192932129,5.2452263832092285,4.506369281045752,BUY,1.4300000000000002,22.120567676659576,60
JPM,2019-09-23,2019-11-22,99.96661376953125,110.84414672851562,6.081803883495147,STRONG BUY,1.5015000000000003,10.881165770066056,60
XOM,2019-09-23,2019-11-22,54.376216888427734,52.96295166015625,4.3246955280685055,BUY,1.4300000000000002,-2.599050300191541,60
PFE,2019-09-23,2019-11-22,26.411705017089844,27.85894012451172,0.603751233958539,NEUTRAL / HOLD,1.1,5.479521698752252,60
WMT,2019-09-23,2019-11-22,35.74614334106445,36.47342300415039,5.373728470111448,BUY,1.4300000000000002,2.0345681942433584,60
AAPL,2019-10-23,2019-12-23,57.780059814453125,68.58977508544922,2.9009803921568627,NEUTRAL / HOLD,1.1,18.708383663341497,61
MSFT,2019-10-23,2019-12-23,129.28318786621094,149.73753356933594,0.7002614379084967,NEUTRAL / HOLD,1.1,15.8213500461423,61
NVDA,2019-10-23,2019-12-23,4.865183353424072,5.94428014755249,4.506369281045752,BUY,1.4300000000000002,22.179982042587547,61
JPM,2019-10-23,2019-12-23,105.75916290283203,116.27660369873047,6.081803883495147,STRONG BUY,1.5015000000000003,9.94470881502864,61
XOM,2019-10-23,2019-12-23,52.1205940246582,53.66534423828125,4.3246955280685055,BUY,1.4300000000000002,2.963800091941061,61
PFE,2019-10-23,2019-12-23,26.224546432495117,28.5784969329834,0.603751233958539,NEUTRAL / HOLD,1.1,8.976134273847634,61
WMT,2019-10-23,2019-12-23,36.540645599365234,36.53572463989258,5.373728470111448,BUY,1.4300000000000002,-0.013467084097555556,61
AAPL,2019-11-22,2020-01-21,63.278900146484375,76.45587921142578,2.9009803921568627,NEUTRAL / HOLD,1.1,20.823653752574725,60
MSFT,2019-11-22,2020-01-21,142.194091796875,158.384521484375,0.7002614379084967,NEUTRAL / HOLD,1.1,11.386147963607456,60
NVDA,2019-11-22,2020-01-21,5.227566719055176,6.1712775230407715,4.506369281045752,BUY,1.4300000000000002,18.0525826776279,60
JPM,2019-11-22,2020-01-21,110.11530303955078,116.71603393554688,6.081803883495147,STRONG BUY,1.5015000000000003,5.994381084003619,60
XOM,2019-11-22,2020-01-21,53.191978454589844,51.59629821777344,4.3246955280685055,BUY,1.4300000000000002,-2.999851261743617,60
PFE,2019-11-22,2020-01-21,27.430116653442383,29.319849014282227,0.603751233958539,NEUTRAL / HOLD,1.1,6.889261116586207,60
WMT,2019-11-22,2020-01-21,36.62621307373047,35.47984313964844,5.373728470111448,BUY,1.4300000000000002,-3.1299166304043746,60
AAPL,2019-12-22,2020-02-20,67.48847198486328,77.54025268554688,2.9009803921568627,NEUTRAL / HOLD,1.1,14.894070653930447,60
MSFT,2019-12-22,2020-02-20,149.73753356933594,175.9102325439453,0.7002614379084967,NEUTRAL / HOLD,1.1,17.479050409555537,60
NVDA,2019-12-22,2020-02-20,5.9579691886901855,7.683608531951904,4.506369281045752,BUY,1.4300000000000002,28.96354930027907,60
JPM,2019-12-22,2020-02-20,116.31051635742188,117.27046203613281,6.081803883495147,STRONG BUY,1.5015000000000003,0.8253300808682057,60
XOM,2019-12-22,2020-02-20,53.39812469482422,46.35832214355469,4.3246955280685055,BUY,1.4300000000000002,-13.183613828206006,60
PFE,2019-12-22,2020-02-20,28.513078689575195,26.32259750366211,0.603751233958539,NEUTRAL / HOLD,1.1,-7.6823734460984685,60
WMT,2019-12-22,2020-02-20,36.922481536865234,36.124412536621094,5.373728470111448,BUY,1.4300000000000002,-2.1614717294862995,60
AAPL,2020-01-21,2020-03-20,76.97750854492188,55.49589538574219,2.9009803921568627,NEUTRAL / HOLD,1.1,-27.906350264173113,59
MSFT,2020-01-21,2020-03-20,158.95530700683594,131.01220703125,0.7002614379084967,NEUTRAL / HOLD,1.1,-17.57921802156894,59
NVDA,2020-01-21,2020-03-20,6.204631328582764,5.124223709106445,4.506369281045752,BUY,1.4300000000000002,-17.412922094165754,59
JPM,2020-01-21,2020-03-20,117.87602233886719,71.2203140258789,6.081803883495147,STRONG BUY,1.5015000000000003,-39.58032124537046,59
XOM,2020-01-21,2020-03-20,52.344520568847656,25.35535430908203,4.3246955280685055,BUY,1.4300000000000002,-51.560633217124106,59
PFE,2020-01-21,2020-03-20,29.443405151367188,21.30038070678711,0.603751233958539,NEUTRAL / HOLD,1.1,-27.65653090298885,59
WMT,2020-01-21,2020-03-20,35.28644943237305,35.13737106323242,5.373728470111448,BUY,1.4300000000000002,-0.4224805032490891,59
AAPL,2020-02-20,2020-04-20,78.34403228759766,67.04100036621094,2.9009803921568627,NEUTRAL / HOLD,1.1,-14.427431919630793,60
MSFT,2020-02-20,2020-04-20,178.63827514648438,166.982177734375,0.7002614379084967,NEUTRAL / HOLD,1.1,-6.524971987414966,60
NVDA,2020-02-20,2020-04-20,7.832949638366699,7.149007320404053,4.506369281045752,BUY,1.4300000000000002,-8.731606221653939,60
JPM,2020-02-20,2020-04-20,117.27046203613281,79.03580474853516,6.081803883495147,STRONG BUY,1.5015000000000003,-32.60382591126568,60
XOM,2020-02-20,2020-04-20,46.73006057739258,31.89167022705078,4.3246955280685055,BUY,1.4300000000000002,-31.753415610850773,60
PFE,2020-02-20,2020-04-20,26.601608276367188,26.49147605895996,0.603751233958539,NEUTRAL / HOLD,1.1,-0.4140058610857291,60
WMT,2020-02-20,2020-04-20,36.121341705322266,40.03322982788086,5.373728470111448,BUY,1.4300000000000002,10.82985276259049,60
AAPL,2020-03-21,2020-05-20,55.49589538574219,77.4904556274414,2.9009803921568627,NEUTRAL / HOLD,1.1,39.6327693945992,60
MSFT,2020-03-21,2020-05-20,131.01220703125,177.5862579345703,0.7002614379084967,NEUTRAL / HOLD,1.1,35.54939799786071,60
NVDA,2020-03-21,2020-05-20,5.124223709106445,8.935949325561523,4.506369281045752,BUY,1.4300000000000002,74.3864013915146,60
JPM,2020-03-21,2020-05-20,71.2203140258789,78.70829772949219,6.081803883495147,STRONG BUY,1.5015000000000003,10.513831349988736,60
XOM,2020-03-21,2020-05-20,25.35535430908203,35.817874908447266,4.3246955280685055,BUY,1.4300000000000002,41.26355511276632,60
PFE,2020-03-21,2020-05-20,21.30038070678711,27.9049072265625,0.603751233958539,NEUTRAL / HOLD,1.1,31.006612561018393,60
WMT,2020-03-21,2020-05-20,35.13737106323242,38.846824645996094,5.373728470111448,BUY,1.4300000000000002,10.557003755597488,60
AAPL,2020-04-20,2020-06-19,68.4620361328125,84.89165496826172,2.9009803921568627,NEUTRAL / HOLD,1.1,23.998145196232088,60
MSFT,2020-04-20,2020-06-19,170.35882568359375,186.66358947753906,0.7002614379084967,NEUTRAL / HOLD,1.1,9.57083598605454,60
NVDA,2020-04-20,2020-06-19,7.280257701873779,9.230303764343262,4.506369281045752,BUY,1.4300000000000002,26.785398846081826,60
JPM,2020-04-20,2020-06-19,82.02622985839844,84.29276275634766,6.081803883495147,STRONG BUY,1.5015000000000003,2.7631806336362477,60
XOM,2020-04-20,2020-06-19,33.47154235839844,36.29944610595703,4.3246955280685055,BUY,1.4300000000000002,8.448680724893565,60
PFE,2020-04-20,2020-06-19,27.10089874267578,24.782936096191406,0.603751233958539,NEUTRAL / HOLD,1.1,-8.553084045269243,60
WMT,2020-04-20,2020-06-19,40.73308181762695,37.11274337768555,5.373728470111448,BUY,1.4300000000000002,-8.887956124092558,60
AAPL,2020-05-20,2020-07-20,76.0121841430664,95.50190734863281,2.9009803921568627,NEUTRAL / HOLD,1.1,25.64026205178344,61
MSFT,2020-05-20,2020-07-20,175.15672302246094,202.398193359375,0.7002614379084967,NEUTRAL / HOLD,1.1,15.552626166350919,61
NVDA,2020-05-20,2020-07-20,8.772073745727539,10.475629806518555,4.506369281045752,BUY,1.4300000000000002,19.420220465209116,61
JPM,2020-05-20,2020-07-20,76.41590881347656,84.67037200927734,6.081803883495147,STRONG BUY,1.5015000000000003,10.802021887810147,61
XOM,2020-05-20,2020-07-20,34.6889533996582,33.5521240234375,4.3246955280685055,BUY,1.4300000000000002,-3.277208635046062,61
PFE,2020-05-20,2020-07-20,27.94198989868164,27.06694221496582,0.603751233958539,NEUTRAL / HOLD,1.1,-3.1316584355257637,61
WMT,2020-05-20,2020-07-20,38.69200897216797,40.71099090576172,5.373728470111448,BUY,1.4300000000000002,5.218085044501176,61
AAPL,2020-06-19,2020-08-18,85.37957763671875,112.40970611572266,2.9009803921568627,NEUTRAL / HOLD,1.1,31.658775116005263,60
MSFT,2020-06-19,2020-08-18,187.78268432617188,202.2930145263672,0.7002614379084967,NEUTRAL / HOLD,1.1,7.727192873114638,60
NVDA,2020-06-19,2020-08-18,9.1871976852417,12.219780921936035,4.506369281045752,BUY,1.4300000000000002,33.008794853362886,60
JPM,2020-06-19,2020-08-18,85.26663208007812,85.55796813964844,6.081803883495147,STRONG BUY,1.5015000000000003,0.34167651807415633,60
XOM,2020-06-19,2020-08-18,37.04154586791992,34.157684326171875,4.3246955280685055,BUY,1.4300000000000002,-7.7854783707761905,60
PFE,2020-06-19,2020-08-18,24.649456024169922,28.72426986694336,0.603751233958539,NEUTRAL / HOLD,1.1,16.531049767499518,60
WMT,2020-06-19,2020-08-18,36.53676986694336,41.88576889038086,5.373728470111448,BUY,1.4300000000000002,14.640043558631621,60
AAPL,2020-07-19,2020-09-17,93.53082275390625,107.32968139648438,2.9009803921568627,NEUTRAL / HOLD,1.1,14.753274093274054,60
MSFT,2020-07-19,2020-09-17,194.05743408203125,194.5552520751953,0.7002614379084967,NEUTRAL / HOLD,1.1,0.2565312663845832,60
NVDA,2020-07-19,2020-09-17,10.167409896850586,12.425569534301758,4.506369281045752,BUY,1.4300000000000002,22.20978263255276,60
JPM,2020-07-19,2020-09-17,85.4187240600586,85.76680755615234,6.081803883495147,STRONG BUY,1.5015000000000003,0.4075025703369319,60
XOM,2020-07-19,2020-09-17,34.35737609863281,30.43036460876465,4.3246955280685055,BUY,1.4300000000000002,-11.429893477879506,60
PFE,2020-07-19,2020-09-17,26.881553649902344,27.57110023498535,0.603751233958539,NEUTRAL / HOLD,1.1,2.565129211144062,60
WMT,2020-07-19,2020-09-17,40.794593811035156,42.50142288208008,5.373728470111448,BUY,1.4300000000000002,4.1839589798372145,60
AAPL,2020-08-18,2020-10-16,111.48075866699219,115.77288055419922,2.9009803921568627,NEUTRAL / HOLD,1.1,3.850101074417845,59
MSFT,2020-08-18,2020-10-16,201.13563537597656,210.6156005859375,0.7002614379084967,NEUTRAL / HOLD,1.1,4.713220107536058,59
NVDA,2020-08-18,2020-10-16,12.295775413513184,13.769468307495117,4.506369281045752,BUY,1.4300000000000002,11.985359559856063,59
JPM,2020-08-18,2020-10-16,86.76754760742188,89.15359497070312,6.081803883495147,STRONG BUY,1.5015000000000003,2.74993062392045,59
XOM,2020-08-18,2020-10-16,34.326744079589844,27.45173454284668,4.3246955280685055,BUY,1.4300000000000002,-20.028143423107057,59
PFE,2020-08-18,2020-10-16,28.716781616210938,28.41725730895996,0.603751233958539,NEUTRAL / HOLD,1.1,-1.0430288158819714,59
WMT,2020-08-18,2020-10-16,42.16250228881836,44.9951057434082,5.373728470111448,BUY,1.4300000000000002,6.71830015018122,59
AAPL,2020-09-17,2020-11-16,109.07083129882812,117.21985626220703,2.9009803921568627,NEUTRAL / HOLD,1.1,7.471314618527584,60
MSFT,2020-09-17,2020-11-16,196.6071319580078,208.28561401367188,0.7002614379084967,NEUTRAL / HOLD,1.1,5.940009367594255,60
NVDA,2020-09-17,2020-11-16,12.476411819458008,13.474117279052734,4.506369281045752,BUY,1.4300000000000002,7.996733949088804,60
JPM,2020-09-17,2020-11-16,86.75884246826172,103.02152252197266,6.081803883495147,STRONG BUY,1.5015000000000003,18.744694593706896,60
XOM,2020-09-17,2020-11-16,30.43841552734375,31.461347579956055,4.3246955280685055,BUY,1.4300000000000002,3.3606613054262753,60
PFE,2020-09-17,2020-11-16,27.541154861450195,28.24046516418457,0.603751233958539,NEUTRAL / HOLD,1.1,2.5391466198580184,60
WMT,2020-09-17,2020-11-16,42.36771774291992,47.39860916137695,5.373728470111448,BUY,1.4300000000000002,11.874350770989416,60
AAPL,2020-10-17,2020-12-16,115.77288055419922,124.53754425048828,2.9009803921568627,NEUTRAL / HOLD,1.1,7.5705671780239365,60
MSFT,2020-10-17,2020-12-16,210.6156005859375,210.80169677734375,0.7002614379084967,NEUTRAL / HOLD,1.1,0.08835821795181652,60
NVDA,2020-10-17,2020-12-16,13.769468307495117,13.206100463867188,4.506369281045752,BUY,1.4300000000000002,-4.0914277228937905,60
JPM,2020-10-17,2020-12-16,89.15359497070312,105.9813003540039,6.081803883495147,STRONG BUY,1.5015000000000003,18.874959993290854,60
XOM,2020-10-17,2020-12-16,27.45173454284668,36.02885055541992,4.3246955280685055,BUY,1.4300000000000002,31.244349966979595,60
PFE,2020-10-17,2020-12-16,28.41725730895996,30.172115325927734,0.603751233958539,NEUTRAL / HOLD,1.1,6.175325077605103,60
WMT,2020-10-17,2020-12-16,44.9951057434082,45.3842658996582,5.373728470111448,BUY,1.4300000000000002,0.8648944142264008,60
AAPL,2020-11-16,2021-01-15,116.20647430419922,123.88469696044922,2.9009803921568627,NEUTRAL / HOLD,1.1,6.607396620734186,60
MSFT,2020-11-16,2021-01-15,207.5952911376953,204.42800903320312,0.7002614379084967,NEUTRAL / HOLD,1.1,-1.5257003601258805,60
NVDA,2020-11-16,2021-01-15,13.256531715393066,12.824151039123535,4.506369281045752,BUY,1.4300000000000002,-3.2616425287729256,60
JPM,2020-11-16,2021-01-15,100.1934814453125,122.64079284667969,6.081803883495147,STRONG BUY,1.5015000000000003,22.40396388822895,60
XOM,2020-11-16,2021-01-15,29.746477127075195,39.48332214355469,4.3246955280685055,BUY,1.4300000000000002,32.732766891636494,60
PFE,2020-11-16,2021-01-15,29.216365814208984,29.26311683654785,0.603751233958539,NEUTRAL / HOLD,1.1,0.1600165559130919,60
WMT,2020-11-16,2021-01-15,46.80784606933594,45.137725830078125,5.373728470111448,BUY,1.4300000000000002,-3.568034805070676,60
AAPL,2020-12-16,2021-02-12,124.60577392578125,132.10108947753906,2.9009803921568627,NEUTRAL / HOLD,1.1,6.015223304356856,58
MSFT,2020-12-16,2021-02-12,205.85079956054688,235.5176239013672,0.7002614379084967,NEUTRAL / HOLD,1.1,14.411809137566362,58
NVDA,2020-12-16,2021-02-12,13.323773384094238,14.920125961303711,4.506369281045752,BUY,1.4300000000000002,11.981234828829942,58
JPM,2020-12-16,2021-02-12,105.67391204833984,124.9495620727539,6.081803883495147,STRONG BUY,1.5015000000000003,18.240689353486356,58
XOM,2020-12-16,2021-02-12,35.48469924926758,42.35899353027344,4.3246955280685055,BUY,1.4300000000000002,19.3725589520045,58
PFE,2020-12-16,2021-02-12,30.865816116333008,27.98551368713379,0.603751233958539,NEUTRAL / HOLD,1.1,-9.331690496513627,58
WMT,2020-12-16,2021-02-12,45.43107223510742,45.08467102050781,5.373728470111448,BUY,1.4300000000000002,-0.7624764231998987,58
AAPL,2021-01-15,2021-03-16,125.60938262939453,122.53773498535156,2.9009803921568627,NEUTRAL / HOLD,1.1,-2.4453966572749923,60
MSFT,2021-01-15,2021-03-16,204.7837371826172,229.04544067382812,0.7002614379084967,NEUTRAL / HOLD,1.1,11.847475695579972,60
NVDA,2021-01-15,2021-03-16,13.163966178894043,13.259292602539062,4.506369281045752,BUY,1.4300000000000002,0.7241466769935767,60
JPM,2021-01-15,2021-03-16,124.87881469726562,135.7947998046875,6.081803883495147,STRONG BUY,1.5015000000000003,8.74126258635997,60
XOM,2021-01-15,2021-03-16,41.4785270690918,49.56136703491211,4.3246955280685055,BUY,1.4300000000000002,19.48680567262316,60
PFE,2021-01-15,2021-03-16,29.302988052368164,28.88021469116211,0.603751233958539,NEUTRAL / HOLD,1.1,-1.4427653604830502,60
WMT,2021-01-15,2021-03-16,45.8648567199707,41.626949310302734,5.373728470111448,BUY,1.4300000000000002,-9.239988332554146,60
AAPL,2021-02-14,2021-04-15,132.10108947753906,131.25210571289062,2.9009803921568627,NEUTRAL / HOLD,1.1,-0.6426773374891726,60
MSFT,2021-02-14,2021-04-15,235.5176239013672,250.04115295410156,0.7002614379084967,NEUTRAL / HOLD,1.1,6.166642144290954,60
NVDA,2021-02-14,2021-04-15,14.920125961303711,16.098453521728516,4.506369281045752,BUY,1.4300000000000002,7.8975711296330315,60
JPM,2021-02-14,2021-04-15,124.9495620727539,135.40223693847656,6.081803883495147,STRONG BUY,1.5015000000000003,8.365515406637773,60
XOM,2021-02-14,2021-04-15,42.35899353027344,47.77544403076172,4.3246955280685055,BUY,1.4300000000000002,12.787014159383208,60
PFE,2021-02-14,2021-04-15,27.98551368713379,30.3068904876709,0.603751233958539,NEUTRAL / HOLD,1.1,8.29492296081866,60
WMT,2021-02-14,2021-04-15,45.08467102050781,43.92227554321289,5.373728470111448,BUY,1.4300000000000002,-2.5782498817972503,60
AAPL,2021-03-16,2021-05-14,120.99588775634766,124.5835952758789,2.9009803921568627,NEUTRAL / HOLD,1.1,2.9651483088052575,59
MSFT,2021-03-16,2021-05-14,226.25111389160156,239.10487365722656,0.7002614379084967,NEUTRAL / HOLD,1.1,5.681191815826074,59
NVDA,2021-03-16,2021-05-14,13.159530639648438,14.208752632141113,4.506369281045752,BUY,1.4300000000000002,7.973095858992629,59
JPM,2021-03-16,2021-05-14,137.44015502929688,145.93760681152344,6.081803883495147,STRONG BUY,1.5015000000000003,6.18265584785992,59
XOM,2021-03-16,2021-05-14,50.63459396362305,51.695499420166016,4.3246955280685055,BUY,1.4300000000000002,2.095218650919064,59
PFE,2021-03-16,2021-05-14,28.541677474975586,32.57534408569336,0.603751233958539,NEUTRAL / HOLD,1.1,14.132549196711935,59
WMT,2021-03-16,2021-05-14,41.63943099975586,43.8934211730957,5.373728470111448,BUY,1.4300000000000002,5.413114730969929,59
AAPL,2021-04-15,2021-06-14,128.8417205810547,127.54542541503906,2.9009803921568627,NEUTRAL / HOLD,1.1,-1.006114448153556,60
MSFT,2021-04-15,2021-06-14,246.273681640625,250.99517822265625,0.7002614379084967,NEUTRAL / HOLD,1.1,1.917174645125538,60
NVDA,2021-04-15,2021-06-14,15.240265846252441,17.97953987121582,4.506369281045752,BUY,1.4300000000000002,17.973925472152853,60
JPM,2021-04-15,2021-06-14,134.54800415039062,140.20718383789062,6.081803883495147,STRONG BUY,1.5015000000000003,4.206067361039759,60
XOM,2021-04-15,2021-06-14,48.060523986816406,52.8013801574707,4.3246955280685055,BUY,1.4300000000000002,9.864345573832637,60
PFE,2021-04-15,2021-06-14,29.960298538208008,32.25789260864258,0.603751233958539,NEUTRAL / HOLD,1.1,7.6687956480289285,60
WMT,2021-04-15,2021-06-14,43.65904235839844,44.220611572265625,5.373728470111448,BUY,1.4300000000000002,1.286260951986185,60
AAPL,2021-05-15,2021-07-14,124.5835952758789,145.7955322265625,2.9009803921568627,NEUTRAL / HOLD,1.1,17.026268108342606,60
MSFT,2021-05-15,2021-07-14,239.10487365722656,272.8410339355469,0.7002614379084967,NEUTRAL / HOLD,1.1,14.109357020753762,60
NVDA,2021-05-15,2021-07-14,14.208752632141113,19.79832649230957,4.506369281045752,BUY,1.4300000000000002,39.33894835725749,60
JPM,2021-05-15,2021-07-14,145.93760681152344,138.82254028320312,6.081803883495147,STRONG BUY,1.5015000000000003,-4.875416750878566,60
XOM,2021-05-15,2021-07-14,51.695499420166016,50.64065170288086,4.3246955280685055,BUY,1.4300000000000002,-2.0405020342518796,60
PFE,2021-05-15,2021-07-14,32.57534408569336,32.518367767333984,0.603751233958539,NEUTRAL / HOLD,1.1,-0.17490626717400726,60
WMT,2021-05-15,2021-07-14,43.8934211730957,44.53207015991211,5.373728470111448,BUY,1.4300000000000002,1.45499933645606,60
AAPL,2021-06-14,2021-08-13,124.48583984375,145.96502685546875,2.9009803921568627,NEUTRAL / HOLD,1.1,17.25432148642659,60
MSFT,2021-06-14,2021-08-13,249.06365966796875,282.8271179199219,0.7002614379084967,NEUTRAL / HOLD,1.1,13.556156003233792,60
NVDA,2021-06-14,2021-08-13,17.78646469116211,20.14406967163086,4.506369281045752,BUY,1.4300000000000002,13.255051081849992,60
JPM,2021-06-14,2021-08-13,142.6274871826172,143.1719512939453,6.081803883495147,STRONG BUY,1.5015000000000003,0.3817385569101451,60
XOM,2021-06-14,2021-08-13,52.88644790649414,49.023746490478516,4.3246955280685055,BUY,1.4300000000000002,-7.3037641379225775,60
PFE,2021-06-14,2021-08-13,32.68116760253906,39.818992614746094,0.603751233958539,NEUTRAL / HOLD,1.1,21.84078946938383,60
WMT,2021-06-14,2021-08-13,44.2803955078125,47.215702056884766,5.373728470111448,BUY,1.4300000000000002,6.6289077037588395,60
AAPL,2021-07-14,2021-09-13,142.364501953125,146.40557861328125,2.9009803921568627,NEUTRAL / HOLD,1.1,2.8385423365487674,61
MSFT,2021-07-14,2021-09-13,271.3633728027344,287.3744812011719,0.7002614379084967,NEUTRAL / HOLD,1.1,5.900246681440188,61
NVDA,2021-07-14,2021-09-13,20.205942153930664,22.107698440551758,4.506369281045752,BUY,1.4300000000000002,9.411866430841705,61
JPM,2021-07-14,2021-09-13,139.29685974121094,143.06454467773438,6.081803883495147,STRONG BUY,1.5015000000000003,2.7047881363033834,61
XOM,2021-07-14,2021-09-13,51.78907012939453,47.81478500366211,4.3246955280685055,BUY,1.4300000000000002,-7.673984328744861,61
PFE,2021-07-14,2021-09-13,32.274173736572266,36.615745544433594,0.603751233958539,NEUTRAL / HOLD,1.1,13.45215478883529,61
WMT,2021-07-14,2021-09-13,44.22691345214844,45.804256439208984,5.373728470111448,BUY,1.4300000000000002,3.566477657924653,61
AAPL,2021-08-13,2021-10-12,145.75946044921875,138.53460693359375,2.9009803921568627,NEUTRAL / HOLD,1.1,-4.95669611657356,60
MSFT,2021-08-13,2021-10-12,279.8910827636719,283.3976135253906,0.7002614379084967,NEUTRAL / HOLD,1.1,1.252819749416424,60
NVDA,2021-08-13,2021-10-12,19.861690521240234,20.629655838012695,4.506369281045752,BUY,1.4300000000000002,3.866565718316844,60
JPM,2021-08-13,2021-10-12,144.79176330566406,148.8784637451172,6.081803883495147,STRONG BUY,1.5015000000000003,2.8224674844423685,60
XOM,2021-08-13,2021-10-12,49.524600982666016,52.883811950683594,4.3246955280685055,BUY,1.4300000000000002,6.78291374663135,60
PFE,2021-08-13,2021-10-12,38.8005256652832,34.37345886230469,0.603751233958539,NEUTRAL / HOLD,1.1,-11.409811406085245,60
WMT,2021-08-13,2021-10-12,47.06730270385742,44.010738372802734,5.373728470111448,BUY,1.4300000000000002,-6.4940290933735305,60
AAPL,2021-09-12,2021-11-11,145.8377685546875,144.97218322753906,2.9009803921568627,NEUTRAL / HOLD,1.1,-0.59352617345064,60
MSFT,2021-09-12,2021-11-11,286.1359558105469,321.6671447753906,0.7002614379084967,NEUTRAL / HOLD,1.1,12.417589695846985,60
NVDA,2021-09-12,2021-11-11,22.433046340942383,30.329221725463867,4.506369281045752,BUY,1.4300000000000002,35.198854691929355,60
JPM,2021-09-12,2021-11-11,140.82720947265625,150.90420532226562,6.081803883495147,STRONG BUY,1.5015000000000003,7.155574471257259,60
XOM,2021-09-12,2021-11-11,46.61444854736328,56.2812614440918,4.3246955280685055,BUY,1.4300000000000002,20.737803831158512,60
PFE,2021-09-12,2021-11-11,37.44529724121094,41.57706832885742,0.603751233958539,NEUTRAL / HOLD,1.1,11.034152195483728,60
WMT,2021-09-12,2021-11-11,46.06634521484375,46.890472412109375,5.373728470111448,BUY,1.4300000000000002,1.7890006107974685,60
AAPL,2021-10-12,2021-12-10,139.8072967529297,175.93328857421875,2.9009803921568627,NEUTRAL / HOLD,1.1,25.83984717559603,59
MSFT,2021-10-12,2021-12-10,284.70391845703125,332.05621337890625,0.7002614379084967,NEUTRAL / HOLD,1.1,16.632119142758345,59
NVDA,2021-10-12,2021-12-10,20.653608322143555,30.14129638671875,4.506369281045752,BUY,1.4300000000000002,45.937193717395466,59
JPM,2021-10-12,2021-12-10,150.03085327148438,143.890625,6.081803883495147,STRONG BUY,1.5015000000000003,-4.092643704674189,59
XOM,2021-10-12,2021-12-10,53.16014862060547,55.14356231689453,4.3246955280685055,BUY,1.4300000000000002,3.7310160858359023,59
PFE,2021-10-12,2021-12-10,34.545936584472656,43.731319427490234,0.603751233958539,NEUTRAL / HOLD,1.1,26.58889510943561,59
WMT,2021-10-12,2021-12-10,44.058101654052734,44.71104049682617,5.373728470111448,BUY,1.4300000000000002,1.4819949527112142,59
AAPL,2021-11-11,2022-01-10,145.02117919921875,168.81558227539062,2.9009803921568627,NEUTRAL / HOLD,1.1,16.407536614693353,60
MSFT,2021-11-11,2022-01-10,320.0898742675781,304.6513977050781,0.7002614379084967,NEUTRAL / HOLD,1.1,-4.823169304504226,60
NVDA,2021-11-11,2022-01-10,29.400083541870117,27.348552703857422,4.506369281045752,BUY,1.4300000000000002,-6.977976219322671,60
JPM,2021-11-11,2022-01-10,150.91317749023438,151.54608154296875,6.081803883495147,STRONG BUY,1.5015000000000003,0.4193828950260691,60
XOM,2021-11-11,2022-01-10,56.17624282836914,59.92190933227539,4.3246955280685055,BUY,1.4300000000000002,6.667705626647353,60
PFE,2021-11-11,2022-01-10,40.61594009399414,46.5981330871582,0.603751233958539,NEUTRAL / HOLD,1.1,14.728682825806723,60
WMT,2021-11-11,2022-01-10,46.87153244018555,45.84602355957031,5.373728470111448,BUY,1.4300000000000002,-2.1879141287388526,60
AAPL,2021-12-11,2022-02-09,175.93328857421875,173.04559326171875,2.9009803921568627,NEUTRAL / HOLD,1.1,-1.6413581169897842,60
MSFT,2021-12-11,2022-02-09,332.05621337890625,301.6850891113281,0.7002614379084967,NEUTRAL / HOLD,1.1,-9.14638035485935,60
NVDA,2021-12-11,2022-02-09,30.14129638671875,26.654857635498047,4.506369281045752,BUY,1.4300000000000002,-11.56698340538844,60
JPM,2021-12-11,2022-02-09,143.890625,141.83670043945312,6.081803883495147,STRONG BUY,1.5015000000000003,-1.4274206957867304,60
XOM,2021-12-11,2022-02-09,55.14356231689453,69.90375518798828,4.3246955280685055,BUY,1.4300000000000002,26.766846846547697,60
PFE,2021-12-11,2022-02-09,43.731319427490234,42.97015380859375,0.603751233958539,NEUTRAL / HOLD,1.1,-1.7405503169383063,60
WMT,2021-12-11,2022-02-09,44.71104049682617,43.652164459228516,5.373728470111448,BUY,1.4300000000000002,-2.36826525581041,60
AAPL,2022-01-10,2022-03-11,168.79600524902344,151.8909912109375,2.9009803921568627,NEUTRAL / HOLD,1.1,-10.015055755108719,60
MSFT,2022-01-10,2022-03-11,304.428466796875,272.0595397949219,0.7002614379084967,NEUTRAL / HOLD,1.1,-10.632687324720775,60
NVDA,2022-01-10,2022-03-11,27.195831298828125,22.062259674072266,4.506369281045752,BUY,1.4300000000000002,-18.876318095770312,60
JPM,2022-01-10,2022-03-11,151.40118408203125,116.7390365600586,6.081803883495147,STRONG BUY,1.5015000000000003,-22.89423806830482,60
XOM,2022-01-10,2022-03-11,60.28071594238281,75.1421127319336,4.3246955280685055,BUY,1.4300000000000002,24.65365010554208,60
PFE,2022-01-10,2022-03-11,46.16728210449219,41.968326568603516,0.603751233958539,NEUTRAL / HOLD,1.1,-9.095089302387379,60
WMT,2022-01-10,2022-03-11,45.93478775024414,45.0407600402832,5.373728470111448,BUY,1.4300000000000002,-1.946297683624729,60
AAPL,2022-02-09,2022-04-11,171.62220764160156,162.70883178710938,2.9009803921568627,NEUTRAL / HOLD,1.1,-5.193602842533047,61
MSFT,2022-02-09,2022-04-11,295.2386169433594,277.10113525390625,0.7002614379084967,NEUTRAL / HOLD,1.1,-6.14332971656372,61
NVDA,2022-02-09,2022-04-11,25.060850143432617,21.879568099975586,4.506369281045752,BUY,1.4300000000000002,-12.694230344339335,61
JPM,2022-02-09,2022-04-11,141.24798583984375,121.3544692993164,6.081803883495147,STRONG BUY,1.5015000000000003,-14.084106348308515,61
XOM,2022-02-09,2022-04-11,70.239990234375,74.19532012939453,4.3246955280685055,BUY,1.4300000000000002,5.6311652120415845,61
PFE,2022-02-09,2022-04-11,43.162166595458984,45.023902893066406,0.603751233958539,NEUTRAL / HOLD,1.1,4.313352281540222,61
WMT,2022-02-09,2022-04-11,43.74726867675781,49.10407638549805,5.373728470111448,BUY,1.4300000000000002,12.244896357578128,61
AAPL,2022-03-11,2022-05-10,155.61148071289062,151.8979034423828,2.9009803921568627,NEUTRAL / HOLD,1.1,-2.386441703076851,60
MSFT,2022-03-11,2022-05-10,277.4216613769531,261.7918395996094,0.7002614379084967,NEUTRAL / HOLD,1.1,-5.63395868216158,60
NVDA,2022-03-11,2022-05-10,22.619306564331055,17.56495475769043,4.506369281045752,BUY,1.4300000000000002,-22.34529954428823,60
JPM,2022-03-11,2022-05-10,119.42903900146484,108.47993469238281,6.081803883495147,STRONG BUY,1.5015000000000003,-9.167874413648875,60
XOM,2022-03-11,2022-05-10,75.53145599365234,75.23059844970703,4.3246955280685055,BUY,1.4300000000000002,-0.3983208584918534,60
PFE,2022-03-11,2022-05-10,41.07503128051758,41.317134857177734,0.603751233958539,NEUTRAL / HOLD,1.1,0.5894178753187929,60
WMT,2022-03-11,2022-05-10,45.218292236328125,47.65036392211914,5.373728470111448,BUY,1.4300000000000002,5.378512910394928,60
AAPL,2022-04-10,2022-06-09,166.9691925048828,140.2285919189453,2.9009803921568627,NEUTRAL / HOLD,1.1,-16.01529011716069,60
MSFT,2022-04-10,2022-06-09,288.4762268066406,257.8155822753906,0.7002614379084967,NEUTRAL / HOLD,1.1,-10.628482239474508,60
NVDA,2022-04-10,2022-06-09,23.07952117919922,18.02098846435547,4.506369281045752,BUY,1.4300000000000002,-21.917840823330565,60
JPM,2022-04-10,2022-06-09,121.8015365600586,114.33780670166016,6.081803883495147,STRONG BUY,1.5015000000000003,-6.127779721989122,60
XOM,2022-04-10,2022-06-09,76.84102630615234,91.4749755859375,4.3246955280685055,BUY,1.4300000000000002,19.0444479768921,60
PFE,2022-04-10,2022-06-09,46.05912780761719,43.58148956298828,0.603751233958539,NEUTRAL / HOLD,1.1,-5.3792556710532375,60
WMT,2022-04-10,2022-06-09,50.097042083740234,38.65563201904297,5.373728470111448,BUY,1.4300000000000002,-22.83849422800703,60
AAPL,2022-05-10,2022-07-08,149.4893035888672,144.55419921875,2.9009803921568627,NEUTRAL / HOLD,1.1,-3.301309359022739,59
MSFT,2022-05-10,2022-07-08,257.0125732421875,260.6099853515625,0.7002614379084967,NEUTRAL / HOLD,1.1,1.3997027709555263,59
NVDA,2022-05-10,2022-07-08,16.92105484008789,15.814295768737793,4.506369281045752,BUY,1.4300000000000002,-6.540721496440402,59
JPM,2022-05-10,2022-07-08,111.18990325927734,105.26960754394531,6.081803883495147,STRONG BUY,1.5015000000000003,-5.324490391476314,59
XOM,2022-05-10,2022-07-08,74.73507690429688,76.94876098632812,4.3246955280685055,BUY,1.4300000000000002,2.962041619179728,59
PFE,2022-05-10,2022-07-08,40.60750198364258,44.751399993896484,0.603751233958539,NEUTRAL / HOLD,1.1,10.204759731152983,59
WMT,2022-05-10,2022-07-08,48.33071517944336,40.05466842651367,5.373728470111448,BUY,1.4300000000000002,-17.12378292396915,59
AAPL,2022-06-09,2022-08-08,145.45864868164062,162.3079071044922,2.9009803921568627,NEUTRAL / HOLD,1.1,11.583538397726246,60
MSFT,2022-06-09,2022-08-08,263.2876281738281,272.9366149902344,0.7002614379084967,NEUTRAL / HOLD,1.1,3.664808287169415,60
NVDA,2022-06-09,2022-08-08,18.62009048461914,17.766368865966797,4.506369281045752,BUY,1.4300000000000002,-4.584948818361266,60
JPM,2022-06-09,2022-08-08,116.7922592163086,105.2603988647461,6.081803883495147,STRONG BUY,1.5015000000000003,-9.873822485276678,60
XOM,2022-06-09,2022-08-08,93.4952392578125,79.51431274414062,4.3246955280685055,BUY,1.4300000000000002,-14.953623975569027,60
PFE,2022-06-09,2022-08-08,45.00390625,42.04514694213867,0.603751233958539,NEUTRAL / HOLD,1.1,-6.574449985352834,60
WMT,2022-06-09,2022-08-08,39.064483642578125,40.76057052612305,5.373728470111448,BUY,1.4300000000000002,4.341761941776394,60
AAPL,2022-07-09,2022-09-07,144.55419921875,153.536376953125,2.9009803921568627,NEUTRAL / HOLD,1.1,6.213709309670424,60
MSFT,2022-07-09,2022-09-07,260.6099853515625,251.8254852294922,0.7002614379084967,NEUTRAL / HOLD,1.1,-3.370745794801391,60
NVDA,2022-07-09,2022-09-07,15.814295768737793,13.697542190551758,4.506369281045752,BUY,1.4300000000000002,-13.385063800125083,60
JPM,2022-07-09,2022-09-07,105.26960754394531,106.68718719482422,6.081803883495147,STRONG BUY,1.5015000000000003,1.346618158794912,60
XOM,2022-07-09,2022-09-07,76.94876098632812,84.97142028808594,4.3246955280685055,BUY,1.4300000000000002,10.425975933755762,60
PFE,2022-07-09,2022-09-07,44.751399993896484,39.127342224121094,0.603751233958539,NEUTRAL / HOLD,1.1,-12.567333693565876,60
WMT,2022-07-09,2022-09-07,40.05466842651367,43.5462532043457,5.373728470111448,BUY,1.4300000000000002,8.717048261772208,60
AAPL,2022-08-08,2022-10-07,162.7804412841797,137.9129638671875,2.9009803921568627,NEUTRAL / HOLD,1.1,-15.276698613673686,60
MSFT,2022-08-08,2022-10-07,275.4583740234375,228.55442810058594,0.7002614379084967,NEUTRAL / HOLD,1.1,-17.02759848530171,60
NVDA,2022-08-08,2022-10-07,18.960580825805664,12.061508178710938,4.506369281045752,BUY,1.4300000000000002,-36.386399290600714,60
JPM,2022-08-08,2022-10-07,106.5583267211914,98.42855834960938,6.081803883495147,STRONG BUY,1.5015000000000003,-7.629406937717286,60
XOM,2022-08-08,2022-10-07,79.0673599243164,91.19039916992188,4.3246955280685055,BUY,1.4300000000000002,15.3325458915154,60
PFE,2022-08-08,2022-10-07,41.79069137573242,35.895713806152344,0.603751233958539,NEUTRAL / HOLD,1.1,-14.10595846950561,60
WMT,2022-08-08,2022-10-07,40.43157196044922,41.242862701416016,5.373728470111448,BUY,1.4300000000000002,2.0065772900455463,60
AAPL,2022-09-07,2022-11-07,152.1285858154297,136.988037109375,2.9009803921568627,NEUTRAL / HOLD,1.1,-9.952467923697121,61
MSFT,2022-09-07,2022-11-07,247.1029815673828,222.33900451660156,0.7002614379084967,NEUTRAL / HOLD,1.1,-10.021723288688174,61
NVDA,2022-09-07,2022-11-07,13.44484806060791,14.283839225769043,4.506369281045752,BUY,1.4300000000000002,6.240242815530916,61
JPM,2022-09-07,2022-11-07,104.6988754272461,122.00941467285156,6.081803883495147,STRONG BUY,1.5015000000000003,16.53364391447962,61
XOM,2022-09-07,2022-11-07,85.7025375366211,102.572265625,4.3246955280685055,BUY,1.4300000000000002,19.684047372775158,61
PFE,2022-09-07,2022-11-07,38.81351089477539,40.28395080566406,0.603751233958539,NEUTRAL / HOLD,1.1,3.7884743662460196,61
WMT,2022-09-07,2022-11-07,42.45551681518555,45.6988639831543,5.373728470111448,BUY,1.4300000000000002,7.6394009807664505,61
AAPL,2022-10-07,2022-12-06,143.17001342773438,140.9225616455078,2.9009803921568627,NEUTRAL / HOLD,1.1,-1.5697782855632492,60
MSFT,2022-10-07,2022-12-06,240.79978942871094,239.8443145751953,0.7002614379084967,NEUTRAL / HOLD,1.1,-0.396792229670323,60
NVDA,2022-10-07,2022-12-06,13.114245414733887,15.97189998626709,4.506369281045752,BUY,1.4300000000000002,21.7904612973204,60
JPM,2022-10-07,2022-12-06,100.43465423583984,122.21372985839844,6.081803883495147,STRONG BUY,1.5015000000000003,21.684821626823293,60
XOM,2022-10-07,2022-12-06,92.12007904052734,94.51762390136719,4.3246955280685055,BUY,1.4300000000000002,2.602630051788239,60
PFE,2022-10-07,2022-12-06,36.548824310302734,42.525272369384766,0.603751233958539,NEUTRAL / HOLD,1.1,16.351957065270994,60
WMT,2022-10-07,2022-12-06,42.243770599365234,48.08565902709961,5.373728470111448,BUY,1.4300000000000002,13.828993825239067,60
AAPL,2022-11-06,2023-01-05,136.45553588867188,123.2813491821289,2.9009803921568627,NEUTRAL / HOLD,1.1,-9.654563752760616,60
MSFT,2022-11-06,2023-01-05,216.0162811279297,217.5252685546875,0.7002614379084967,NEUTRAL / HOLD,1.1,0.6985526363469595,60
NVDA,2022-11-06,2023-01-05,14.139013290405273,14.251527786254883,4.506369281045752,BUY,1.4300000000000002,0.7957733226402839,60
JPM,2022-11-06,2023-01-05,121.36856842041016,126.6343765258789,6.081803883495147,STRONG BUY,1.5015000000000003,4.338691783220552,60
XOM,2022-11-06,2023-01-05,101.37179565429688,99.36726379394531,4.3246955280685055,BUY,1.4300000000000002,-1.9774058922538145,60
PFE,2022-11-06,2023-01-05,40.39516067504883,42.48249435424805,0.603751233958539,NEUTRAL / HOLD,1.1,5.167286487582948,60
WMT,2022-11-06,2023-01-05,45.22407150268555,46.13519287109375,5.373728470111448,BUY,1.4300000000000002,2.014682309959858,60
AAPL,2022-12-06,2023-02-03,144.5908203125,152.3513946533203,2.9009803921568627,NEUTRAL / HOLD,1.1,5.367266278763482,59
MSFT,2022-12-06,2023-02-03,244.8150177001953,252.78961181640625,0.7002614379084967,NEUTRAL / HOLD,1.1,3.257395804850813,59
NVDA,2022-12-06,2023-02-03,16.59431266784668,21.0800724029541,4.506369281045752,BUY,1.4300000000000002,27.031910419520287,59
JPM,2022-12-06,2023-02-03,122.00941467285156,132.00474548339844,6.081803883495147,STRONG BUY,1.5015000000000003,8.192261914662677,59
XOM,2022-12-06,2023-02-03,97.2199478149414,101.8330078125,4.3246955280685055,BUY,1.4300000000000002,4.744972715208172,59
PFE,2022-12-06,2023-02-03,43.39784622192383,38.03791046142578,0.603751233958539,NEUTRAL / HOLD,1.1,-12.350695315820309,59
WMT,2022-12-06,2023-02-03,48.65028381347656,45.63284683227539,5.373728470111448,BUY,1.4300000000000002,-6.202300880237239,59
AAPL,2023-01-05,2023-03-06,124.60270690917969,151.9223175048828,2.9009803921568627,NEUTRAL / HOLD,1.1,21.925374876178104,60
MSFT,2023-01-05,2023-03-06,224.1691436767578,251.9709930419922,0.7002614379084967,NEUTRAL / HOLD,1.1,12.402174942204997,60
NVDA,2023-01-05,2023-03-06,14.73507022857666,23.531757354736328,4.506369281045752,BUY,1.4300000000000002,59.698983375726925,60
JPM,2023-01-05,2023-03-06,126.6624526977539,133.62338256835938,6.081803883495147,STRONG BUY,1.5015000000000003,5.495653780853169,60
XOM,2023-01-05,2023-03-06,97.1926498413086,104.34950256347656,4.3246955280685055,BUY,1.4300000000000002,7.363574029366755,60
PFE,2023-01-05,2023-03-06,42.88456726074219,35.49111557006836,0.603751233958539,NEUTRAL / HOLD,1.1,-17.2403551275706,60
WMT,2023-01-05,2023-03-06,46.29297637939453,45.29151153564453,5.373728470111448,BUY,1.4300000000000002,-2.163319194563092,60
AAPL,2023-02-04,2023-04-05,152.3513946533203,161.72915649414062,2.9009803921568627,NEUTRAL / HOLD,1.1,6.155350177239704,60
MSFT,2023-02-04,2023-04-05,252.78961181640625,278.91705322265625,0.7002614379084967,NEUTRAL / HOLD,1.1,10.335646792806344,60
NVDA,2023-02-04,2023-04-05,21.0800724029541,26.86017608642578,4.506369281045752,BUY,1.4300000000000002,27.41975251784084,60
JPM,2023-02-04,2023-04-05,132.00474548339844,120.32978057861328,6.081803883495147,STRONG BUY,1.5015000000000003,-8.844352422355497,60
XOM,2023-02-04,2023-04-05,101.8330078125,107.26515197753906,4.3246955280685055,BUY,1.4300000000000002,5.334364840760666,60
PFE,2023-02-04,2023-04-05,38.03791046142578,35.870975494384766,0.603751233958539,NEUTRAL / HOLD,1.1,-5.696777085687982,60
WMT,2023-02-04,2023-04-05,45.63284683227539,48.39362716674805,5.373728470111448,BUY,1.4300000000000002,6.0499848817672275,60
AAPL,2023-03-06,2023-05-05,149.15699768066406,171.41746520996094,2.9009803921568627,NEUTRAL / HOLD,1.1,14.924185841387855,60
MSFT,2023-03-06,2023-05-05,250.42112731933594,304.7252502441406,0.7002614379084967,NEUTRAL / HOLD,1.1,21.68512038345563,60
NVDA,2023-03-06,2023-05-05,23.8674373626709,28.65778350830078,4.506369281045752,BUY,1.4300000000000002,20.070634617531542,60
JPM,2023-03-06,2023-05-05,134.40927124023438,128.93890380859375,6.081803883495147,STRONG BUY,1.5015000000000003,-4.069933108902322,60
XOM,2023-03-06,2023-05-05,103.43260955810547,99.64593505859375,4.3246955280685055,BUY,1.4300000000000002,-3.661006442445478,60
PFE,2023-03-06,2023-05-05,35.52565002441406,33.22922134399414,0.603751233958539,NEUTRAL / HOLD,1.1,-6.464142609190154,60
WMT,2023-03-06,2023-05-05,45.29795837402344,49.25904846191406,5.373728470111448,BUY,1.4300000000000002,8.744522336269688,60
AAPL,2023-04-05,2023-06-05,163.5759735107422,177.59828186035156,2.9009803921568627,NEUTRAL / HOLD,1.1,8.572352068984335,61
MSFT,2023-04-05,2023-06-05,281.7029113769531,330.25335693359375,0.7002614379084967,NEUTRAL / HOLD,1.1,17.234626834109697,61
NVDA,2023-04-05,2023-06-05,27.431730270385742,39.14065170288086,4.506369281045752,BUY,1.4300000000000002,42.68386032191205,61
JPM,2023-04-05,2023-06-05,120.15062713623047,131.1548309326172,6.081803883495147,STRONG BUY,1.5015000000000003,9.15867362382538,61
XOM,2023-04-05,2023-06-05,105.45890808105469,97.37541961669922,4.3246955280685055,BUY,1.4300000000000002,-7.665059890571385,61
PFE,2023-04-05,2023-06-05,35.30982208251953,33.7284049987793,0.603751233958539,NEUTRAL / HOLD,1.1,-4.478688904306686,61
WMT,2023-04-05,2023-06-05,47.604698181152344,48.619659423828125,5.373728470111448,BUY,1.4300000000000002,2.132061081058644,61
AAPL,2023-05-05,2023-07-03,163.7339630126953,190.33615112304688,2.9009803921568627,NEUTRAL / HOLD,1.1,16.247202242511488,59
MSFT,2023-05-05,2023-07-03,299.5852355957031,332.2686767578125,0.7002614379084967,NEUTRAL / HOLD,1.1,10.909563382561483,59
NVDA,2023-05-05,2023-07-03,27.540645599365234,42.384521484375,4.506369281045752,BUY,1.4300000000000002,53.89806797176858,59
JPM,2023-05-05,2023-07-03,126.46837615966797,138.24581909179688,6.081803883495147,STRONG BUY,1.5015000000000003,9.31255962143432,59
XOM,2023-05-05,2023-07-03,97.22537231445312,99.38229370117188,4.3246955280685055,BUY,1.4300000000000002,2.2184758313320554,59
PFE,2023-05-05,2023-07-03,33.00475311279297,31.98308563232422,0.603751233958539,NEUTRAL / HOLD,1.1,-3.09551620330934,59
WMT,2023-05-05,2023-07-03,48.83711242675781,51.345985412597656,5.373728470111448,BUY,1.4300000000000002,5.1372263042833675,59
AAPL,2023-06-04,2023-08-03,178.95315551757812,189.06036376953125,2.9009803921568627,NEUTRAL / HOLD,1.1,5.647963134665328,60
MSFT,2023-06-04,2023-08-03,329.72247314453125,321.1304626464844,0.7002614379084967,NEUTRAL / HOLD,1.1,-2.6058310239231512,60
NVDA,2023-06-04,2023-08-03,39.29652786254883,44.485111236572266,4.506369281045752,BUY,1.4300000000000002,13.203668762217452,60
JPM,2023-06-04,2023-08-03,132.45608520507812,148.4426727294922,6.081803883495147,STRONG BUY,1.5015000000000003,12.069349248592442,60
XOM,2023-06-04,2023-08-03,97.81008911132812,99.06785583496094,4.3246955280685055,BUY,1.4300000000000002,1.2859273875123594,60
PFE,2023-06-04,2023-08-03,33.47533416748047,30.88347625732422,0.603751233958539,NEUTRAL / HOLD,1.1,-7.742590102876715,60
WMT,2023-06-04,2023-08-03,48.30158615112305,51.69002151489258,5.373728470111448,BUY,1.4300000000000002,7.015163752941782,60
AAPL,2023-07-04,2023-09-01,190.33615112304688,187.6222381591797,2.9009803921568627,NEUTRAL / HOLD,1.1,-1.4258526022798057,59
MSFT,2023-07-04,2023-09-01,332.2686767578125,323.7806701660156,0.7002614379084967,NEUTRAL / HOLD,1.1,-2.554561168576147,59
NVDA,2023-07-04,2023-09-01,42.384521484375,48.4764289855957,4.506369281045752,BUY,1.4300000000000002,14.372953351535363,59
JPM,2023-07-04,2023-09-01,138.24581909179688,139.39463806152344,6.081803883495147,STRONG BUY,1.5015000000000003,0.8309972607299848,59
XOM,2023-07-04,2023-09-01,99.38229370117188,105.84739685058594,4.3246955280685055,BUY,1.4300000000000002,6.505286715210748,59
PFE,2023-07-04,2023-09-01,31.98308563232422,31.571735382080078,0.603751233958539,NEUTRAL / HOLD,1.1,-1.2861493571101936,59
WMT,2023-07-04,2023-09-01,51.345985412597656,52.62619400024414,5.373728470111448,BUY,1.4300000000000002,2.49329831214494,59
AAPL,2023-08-03,2023-10-02,190.45481872558594,172.06463623046875,2.9009803921568627,NEUTRAL / HOLD,1.1,-9.655929221520203,60
MSFT,2023-08-03,2023-10-02,321.9562072753906,317.0224914550781,0.7002614379084967,NEUTRAL / HOLD,1.1,-1.5324182944211304,60
NVDA,2023-08-03,2023-10-02,44.23927688598633,44.75562286376953,4.506369281045752,BUY,1.4300000000000002,1.1671664053504591,60
JPM,2023-08-03,2023-10-02,147.54067993164062,136.49887084960938,6.081803883495147,STRONG BUY,1.5015000000000003,-7.483908225953143,60
XOM,2023-08-03,2023-10-02,97.37541961669922,107.81478881835938,4.3246955280685055,BUY,1.4300000000000002,10.720743738771912,60
PFE,2023-08-03,2023-10-02,31.192312240600586,29.948150634765625,0.603751233958539,NEUTRAL / HOLD,1.1,-3.988680275569739,60
WMT,2023-08-03,2023-10-02,51.67705154418945,52.14738845825195,5.373728470111448,BUY,1.4300000000000002,0.9101465737849057,60
AAPL,2023-09-02,2023-11-01,187.6222381591797,172.2825164794922,2.9009803921568627,NEUTRAL / HOLD,1.1,-8.175854754846917,60
MSFT,2023-09-02,2023-11-01,323.7806701660156,340.93218994140625,0.7002614379084967,NEUTRAL / HOLD,1.1,5.2972648943484915,60
NVDA,2023-09-02,2023-11-01,48.4764289855957,42.30007553100586,4.506369281045752,BUY,1.4300000000000002,-12.740941492256136,60
JPM,2023-09-02,2023-11-01,139.39463806152344,132.8865203857422,6.081803883495147,STRONG BUY,1.5015000000000003,-4.668843627190895,60
XOM,2023-09-02,2023-11-01,105.84739685058594,98.4999771118164,4.3246955280685055,BUY,1.4300000000000002,-6.941521433107269,60
PFE,2023-09-02,2023-11-01,31.571735382080078,26.92156982421875,0.603751233958539,NEUTRAL / HOLD,1.1,-14.728888043641508,60
WMT,2023-09-02,2023-11-01,52.62619400024414,53.70106506347656,5.373728470111448,BUY,1.4300000000000002,2.0424639927930857,60
AAPL,2023-10-02,2023-12-01,169.5492706298828,189.6344757080078,2.9009803921568627,NEUTRAL / HOLD,1.1,11.846235022720888,60
MSFT,2023-10-02,2023-12-01,311.06231689453125,369.69879150390625,0.7002614379084967,NEUTRAL / HOLD,1.1,18.850394735938483,60
NVDA,2023-10-02,2023-12-01,43.47338104248047,46.73745346069336,4.506369281045752,BUY,1.4300000000000002,7.508209253435724,60
JPM,2023-10-02,2023-12-01,137.6856689453125,150.00662231445312,6.081803883495147,STRONG BUY,1.5015000000000003,8.948609876046284,60
XOM,2023-10-02,2023-12-01,109.63300323486328,96.90721893310547,4.3246955280685055,BUY,1.4300000000000002,-11.607621725454123,60
PFE,2023-10-02,2023-12-01,29.268714904785156,25.85368537902832,0.603751233958539,NEUTRAL / HOLD,1.1,-11.66784922695226,60
WMT,2023-10-02,2023-12-01,52.092018127441406,50.271263122558594,5.373728470111448,BUY,1.4300000000000002,-3.4952667804660504,60
AAPL,2023-11-01,2023-12-29,169.11354064941406,190.9136505126953,2.9009803921568627,NEUTRAL / HOLD,1.1,12.8908127519337,58
MSFT,2023-11-01,2023-12-29,333.0903625488281,371.20916748046875,0.7002614379084967,NEUTRAL / HOLD,1.1,11.443983140176487,58
NVDA,2023-11-01,2023-12-29,40.7559814453125,49.4971809387207,4.506369281045752,BUY,1.4300000000000002,21.4476481326732,58
JPM,2023-11-01,2023-12-29,133.00128173828125,162.68890380859375,6.081803883495147,STRONG BUY,1.5015000000000003,22.32130524029952,58
XOM,2023-11-01,2023-12-29,98.69578552246094,94.07500457763672,4.3246955280685055,BUY,1.4300000000000002,-4.681842208725957,58
PFE,2023-11-01,2023-12-29,26.965686798095703,25.746374130249023,0.603751233958539,NEUTRAL / HOLD,1.1,-4.52171931305227,58
WMT,2023-11-01,2023-12-29,53.22551345825195,51.54008865356445,5.373728470111448,BUY,1.4300000000000002,-3.1665731247655926,58
AAPL,2023-12-01,2024-01-30,188.35533142089844,186.46136474609375,2.9009803921568627,NEUTRAL / HOLD,1.1,-1.0055285722560374,60
MSFT,2023-12-01,2024-01-30,374.0422668457031,403.3409729003906,0.7002614379084967,NEUTRAL / HOLD,1.1,7.832993394506821,60
NVDA,2023-12-01,2024-01-30,46.74245071411133,62.74253845214844,4.506369281045752,BUY,1.4300000000000002,34.230314186771466,60
JPM,2023-12-01,2024-01-30,149.27972412109375,169.62966918945312,6.081803883495147,STRONG BUY,1.5015000000000003,13.632089145510323,60
XOM,2023-12-01,2024-01-30,96.67198181152344,98.65736389160156,4.3246955280685055,BUY,1.4300000000000002,2.053730608263443,60
PFE,2023-12-01,2024-01-30,27.248764038085938,24.52711296081543,0.603751233958539,NEUTRAL / HOLD,1.1,-9.988163402444316,60
WMT,2023-12-01,2024-01-30,50.710975646972656,54.13589859008789,5.373728470111448,BUY,1.4300000000000002,6.753809997579283,60
AAPL,2023-12-31,2024-02-29,190.9136505126953,179.46128845214844,2.9009803921568627,NEUTRAL / HOLD,1.1,-5.998713046338884,60
MSFT,2023-12-31,2024-02-29,371.20916748046875,409.08123779296875,0.7002614379084967,NEUTRAL / HOLD,1.1,10.202353182587455,60
NVDA,2023-12-31,2024-02-29,49.4971809387207,79.07235717773438,4.506369281045752,BUY,1.4300000000000002,59.751233662435865,60
JPM,2023-12-31,2024-02-29,162.68890380859375,179.05084228515625,6.081803883495147,STRONG BUY,1.5015000000000003,10.057193879560831,60
XOM,2023-12-31,2024-02-29,94.07500457763672,99.2608642578125,4.3246955280685055,BUY,1.4300000000000002,5.512473481620804,60
PFE,2023-12-31,2024-02-29,25.746374130249023,24.109554290771484,0.603751233958539,NEUTRAL / HOLD,1.1,-6.357477100258806,60
WMT,2023-12-31,2024-02-29,51.54008865356445,57.48363494873047,5.373728470111448,BUY,1.4300000000000002,11.531889933516764,60
AAPL,2024-01-30,2024-03-28,190.12039184570312,170.25735473632812,2.9009803921568627,NEUTRAL / HOLD,1.1,-10.447610020441855,58
MSFT,2024-01-30,2024-03-28,404.4564514160156,416.0831604003906,0.7002614379084967,NEUTRAL / HOLD,1.1,2.8746503965184638,58
NVDA,2024-01-30,2024-03-28,62.43368911743164,90.31494903564453,4.506369281045752,BUY,1.4300000000000002,44.657396210835756,58
JPM,2024-01-30,2024-03-28,166.2230224609375,192.75440979003906,6.081803883495147,STRONG BUY,1.5015000000000003,15.961319278342717,58
XOM,2024-01-30,2024-03-28,97.0389633178711,110.39115142822266,4.3246955280685055,BUY,1.4300000000000002,13.759615368739794,58
PFE,2024-01-30,2024-03-28,24.944673538208008,25.189762115478516,0.603751233958539,NEUTRAL / HOLD,1.1,0.9825287025508799,58
WMT,2024-01-30,2024-03-28,53.956092834472656,59.21464538574219,5.373728470111448,BUY,1.4300000000000002,9.745984697968774,58
AAPL,2024-02-29,2024-04-29,180.12648010253906,172.26295471191406,2.9009803921568627,NEUTRAL / HOLD,1.1,-4.365557682661982,60
MSFT,2024-02-29,2024-04-29,403.2264099121094,397.8167419433594,0.7002614379084967,NEUTRAL / HOLD,1.1,-1.3415956484420595,60
NVDA,2024-02-29,2024-04-29,77.62407684326172,87.71713256835938,4.506369281045752,BUY,1.4300000000000002,13.002480848149114,60
JPM,2024-02-29,2024-04-29,177.43414306640625,187.08383178710938,6.081803883495147,STRONG BUY,1.5015000000000003,5.438462154993273,60
XOM,2024-02-29,2024-04-29,99.07091522216797,113.62006378173828,4.3246955280685055,BUY,1.4300000000000002,14.68559014211551,60
PFE,2024-02-29,2024-04-29,24.545270919799805,23.274433135986328,0.603751233958539,NEUTRAL / HOLD,1.1,-5.177526000694237,60
WMT,2024-02-29,2024-04-29,58.474220275878906,59.28353500366211,5.373728470111448,BUY,1.4300000000000002,1.3840539026683731,60
AAPL,2024-03-30,2024-05-29,170.25735473632812,189.18951416015625,2.9009803921568627,NEUTRAL / HOLD,1.1,11.119730747107946,60
MSFT,2024-03-30,2024-05-29,416.0831604003906,425.20562744140625,0.7002614379084967,NEUTRAL / HOLD,1.1,2.192462447227427,60
NVDA,2024-03-30,2024-05-29,90.31494903564453,114.77283477783203,4.506369281045752,BUY,1.4300000000000002,27.080661621737423,60
JPM,2024-03-30,2024-05-29,192.75440979003906,191.75897216796875,6.081803883495147,STRONG BUY,1.5015000000000003,-0.5164279370597069,60
XOM,2024-03-30,2024-05-29,110.39115142822266,108.78898620605469,4.3246955280685055,BUY,1.4300000000000002,-1.4513529403755803,60
PFE,2024-03-30,2024-05-29,25.189762115478516,25.634145736694336,0.603751233958539,NEUTRAL / HOLD,1.1,1.7641437786455199,60
WMT,2024-03-30,2024-05-29,59.21464538574219,64.11036682128906,5.373728470111448,BUY,1.4300000000000002,8.267754376733421,60
AAPL,2024-04-29,2024-06-28,168.0928955078125,209.40191650390625,2.9009803921568627,NEUTRAL / HOLD,1.1,24.575114177965848,60
MSFT,2024-04-29,2024-06-28,401.8419189453125,442.82135009765625,0.7002614379084967,NEUTRAL / HOLD,1.1,10.197898531815623,60
NVDA,2024-04-29,2024-06-28,87.69515228271484,123.49402618408203,4.506369281045752,BUY,1.4300000000000002,40.82195306070906,60
JPM,2024-04-29,2024-06-28,187.28709411621094,195.77593994140625,6.081803883495147,STRONG BUY,1.5015000000000003,4.532531120338711,60
XOM,2024-04-29,2024-06-28,112.02458953857422,110.21550750732422,4.3246955280685055,BUY,1.4300000000000002,-1.614897263807484,60
PFE,2024-04-29,2024-06-28,23.056575775146484,25.781574249267578,0.603751233958539,NEUTRAL / HOLD,1.1,11.818747504815818,60
WMT,2024-04-29,2024-06-28,59.20479965209961,66.86557006835938,5.373728470111448,BUY,1.4300000000000002,12.939441500142104,60
AAPL,2024-05-29,2024-07-29,188.8912353515625,216.9778594970703,2.9009803921568627,NEUTRAL / HOLD,1.1,14.869204541562379,61
MSFT,2024-05-29,2024-07-29,426.3450012207031,422.78814697265625,0.7002614379084967,NEUTRAL / HOLD,1.1,-0.8342666708564557,61
NVDA,2024-05-29,2024-07-29,113.84925842285156,111.5484619140625,4.506369281045752,BUY,1.4300000000000002,-2.0209147961628284,61
JPM,2024-05-29,2024-07-29,193.1044158935547,205.22146606445312,6.081803883495147,STRONG BUY,1.5015000000000003,6.274869538756557,61
XOM,2024-05-29,2024-07-29,109.96658325195312,111.15376281738281,4.3246955280685055,BUY,1.4300000000000002,1.0795821151500602,61
PFE,2024-05-29,2024-07-29,26.076433181762695,28.70577049255371,0.603751233958539,NEUTRAL / HOLD,1.1,10.083193864987326,61
WMT,2024-05-29,2024-07-29,64.2288818359375,68.75176239013672,5.373728470111448,BUY,1.4300000000000002,7.041817364580938,61
AAPL,2024-06-28,2024-08-27,212.86181640625,226.97364807128906,2.9009803921568627,NEUTRAL / HOLD,1.1,6.629574013455949,60
MSFT,2024-06-28,2024-08-27,448.6668701171875,410.7562255859375,0.7002614379084967,NEUTRAL / HOLD,1.1,-8.449619763845746,60
NVDA,2024-06-28,2024-08-27,123.94385528564453,128.25225830078125,4.506369281045752,BUY,1.4300000000000002,3.4760924655824614,60
JPM,2024-06-28,2024-08-27,192.7849884033203,214.3023681640625,6.081803883495147,STRONG BUY,1.5015000000000003,11.16133571340433,60
XOM,2024-06-28,2024-08-27,110.0048828125,113.57349395751953,4.3246955280685055,BUY,1.4300000000000002,3.2440479493097785,60
PFE,2024-06-28,2024-08-27,25.615718841552734,26.93035125732422,0.603751233958539,NEUTRAL / HOLD,1.1,5.13213165675032,60
WMT,2024-06-28,2024-08-27,67.03345489501953,75.39486694335938,5.373728470111448,BUY,1.4300000000000002,12.473491126832972,60
AAPL,2024-07-28,2024-09-26,216.69949340820312,226.46603393554688,2.9009803921568627,NEUTRAL / HOLD,1.1,4.506951250202618,60
MSFT,2024-07-28,2024-09-26,421.34161376953125,428.0960693359375,0.7002614379084967,NEUTRAL / HOLD,1.1,1.603082948768705,60
NVDA,2024-07-28,2024-09-26,113.01791381835938,124.00444030761719,4.506369281045752,BUY,1.4300000000000002,9.721048741808477,60
JPM,2024-07-28,2024-09-26,206.5743408203125,204.1800079345703,6.081803883495147,STRONG BUY,1.5015000000000003,-1.159065969294262,60
XOM,2024-07-28,2024-09-26,112.33135223388672,108.86380004882812,4.3246955280685055,BUY,1.4300000000000002,-3.0868961479594352,60
PFE,2024-07-28,2024-09-26,28.75249671936035,27.07051658630371,0.603751233958539,NEUTRAL / HOLD,1.1,-5.84985766444445,60
WMT,2024-07-28,2024-09-26,68.90975952148438,79.14827728271484,5.373728470111448,BUY,1.4300000000000002,14.857863142068215,60
AAPL,2024-08-27,2024-10-25,226.12757873535156,230.33799743652344,2.9009803921568627,NEUTRAL / HOLD,1.1,1.8619660302910415,59
MSFT,2024-08-27,2024-10-25,410.4088134765625,424.9595947265625,0.7002614379084967,NEUTRAL / HOLD,1.1,3.5454358610724523,59
NVDA,2024-08-27,2024-10-25,126.41293334960938,141.49942016601562,4.506369281045752,BUY,1.4300000000000002,11.934290595633005,59
JPM,2024-08-27,2024-10-25,213.31936645507812,217.70147705078125,6.081803883495147,STRONG BUY,1.5015000000000003,2.0542488328765653,59
XOM,2024-08-27,2024-10-25,114.6640625,115.3203353881836,4.3246955280685055,BUY,1.4300000000000002,0.5723440055018056,59
PFE,2024-08-27,2024-10-25,27.023794174194336,26.584611892700195,0.603751233958539,NEUTRAL / HOLD,1.1,-1.6251688370004174,59
WMT,2024-08-27,2024-10-25,75.29582977294922,81.7132568359375,5.373728470111448,BUY,1.4300000000000002,8.52295151317106,59
AAPL,2024-09-26,2024-11-25,225.3213348388672,232.04624938964844,2.9009803921568627,NEUTRAL / HOLD,1.1,2.9845884570098082,60
MSFT,2024-09-26,2024-11-25,428.8901062011719,416.5013732910156,0.7002614379084967,NEUTRAL / HOLD,1.1,-2.8885564696018626,60
NVDA,2024-09-26,2024-11-25,123.47459411621094,135.9810028076172,4.506369281045752,BUY,1.4300000000000002,10.128730352120499,60
JPM,2024-09-26,2024-11-25,204.57907104492188,245.10145568847656,6.081803883495147,STRONG BUY,1.5015000000000003,19.807688262821717,60
XOM,2024-09-26,2024-11-25,110.7650375366211,116.73499298095703,4.3246955280685055,BUY,1.4300000000000002,5.389747141431838,60
PFE,2024-09-26,2024-11-25,27.033138275146484,24.833938598632812,0.603751233958539,NEUTRAL / HOLD,1.1,-8.135199302907257,60
WMT,2024-09-26,2024-11-25,80.61398315429688,88.63575744628906,5.373728470111448,BUY,1.4300000000000002,9.950847208031318,60
AAPL,2024-10-26,2024-12-24,230.33799743652344,257.28668212890625,2.9009803921568627,NEUTRAL / HOLD,1.1,11.699626198152275,59
MSFT,2024-10-26,2024-12-24,424.9595947265625,436.9291076660156,0.7002614379084967,NEUTRAL / HOLD,1.1,2.8166237656440796,59
NVDA,2024-10-26,2024-12-24,141.49942016601562,140.18946838378906,4.506369281045752,BUY,1.4300000000000002,-0.9257647704065843,59
JPM,2024-10-26,2024-12-24,217.70147705078125,237.28689575195312,6.081803883495147,STRONG BUY,1.5015000000000003,8.99645650847071,59
XOM,2024-10-26,2024-12-24,115.3203353881836,103.53091430664062,4.3246955280685055,BUY,1.4300000000000002,-10.223193543322788,59
PFE,2024-10-26,2024-12-24,26.584611892700195,25.37483787536621,0.603751233958539,NEUTRAL / HOLD,1.1,-4.550655176824956,59
WMT,2024-10-26,2024-12-24,81.7132568359375,91.98841094970703,5.373728470111448,BUY,1.4300000000000002,12.57464762957596,59
AAPL,2024-11-25,2025-01-24,229.05685424804688,221.991943359375,2.9009803921568627,NEUTRAL / HOLD,1.1,-3.084348168433871,60
MSFT,2024-11-25,2025-01-24,414.7211608886719,441.6332702636719,0.7002614379084967,NEUTRAL / HOLD,1.1,6.489205739425559,60
NVDA,2024-11-25,2025-01-24,141.9093017578125,142.58892822265625,4.506369281045752,BUY,1.4300000000000002,0.47891607979554773,60
JPM,2024-11-25,2025-01-24,243.39752197265625,260.6893005371094,6.081803883495147,STRONG BUY,1.5015000000000003,7.104336323685217,60
XOM,2024-11-25,2025-01-24,118.50592041015625,105.72998046875,4.3246955280685055,BUY,1.4300000000000002,-10.780845292106875,60
PFE,2024-11-25,2025-01-24,24.340486526489258,25.167325973510742,0.603751233958539,NEUTRAL / HOLD,1.1,3.396971733172432,60
WMT,2024-11-25,2025-01-24,89.56668853759766,94.05288696289062,5.373728470111448,BUY,1.4300000000000002,5.008780048186983,60
AAPL,2024-12-25,2025-02-24,257.28668212890625,246.49664306640625,2.9009803921568627,NEUTRAL / HOLD,1.1,-4.193780639253592,61
MSFT,2024-12-25,2025-02-24,436.9291076660156,402.59783935546875,0.7002614379084967,NEUTRAL / HOLD,1.1,-7.857400138420021,61
NVDA,2024-12-25,2025-02-24,140.18946838378906,130.2516326904297,4.506369281045752,BUY,1.4300000000000002,-7.088860388679914,61
JPM,2024-12-25,2025-02-24,237.28689575195312,257.244140625,6.081803883495147,STRONG BUY,1.5015000000000003,8.410597142249735,61
XOM,2024-12-25,2025-02-24,103.53091430664062,109.23802947998047,4.3246955280685055,BUY,1.4300000000000002,5.512474425210192,61
PFE,2024-12-25,2025-02-24,25.37483787536621,25.707521438598633,0.603751233958539,NEUTRAL / HOLD,1.1,1.3110766061500227,61
WMT,2024-12-25,2025-02-24,91.98841094970703,92.97101593017578,5.373728470111448,BUY,1.4300000000000002,1.0681834486802595,61
